Algorithm,Data Type,Data Ordering,Array size,Standard deviation,Standard error,Mean,Minimum time,Maximum time,Median,N last iterations,First quartile,Third quartile,Interquartile range,First result,Last result,v_0,v_1,v_2,v_3,v_4,v_5,v_6,v_7,v_8,v_9,v_10,v_11,v_12,v_13,v_14,v_15,v_16,v_17,v_18,v_19,v_20,v_21,v_22,v_23,v_24,v_25,v_26,v_27,v_28,v_29

BUBBLE_SORT_PASS_PER_ITEM,INTEGER,ASC,100,232.3114982565913,42.414082654319046,6548.633333333333,6417,578959,6500.0,30,6500.0,6500.0,0.0,578959.0,6459.0,6500,6500,6541,6500,7792,6500,6500,6500,6500,6500,6500,6500,6500,6625,6500,6500,6500,6542,6500,6500,6500,6500,6500,6500,6500,6500,6500,6500,6500,6459
BUBBLE_SORT_PASS_PER_ITEM,INTEGER,RANDOM,100,1254.6163419769232,229.06055717179214,14125.033333333333,13791,356792,13875.0,30,13834.0,13917.0,83.0,356792.0,13833.0,13833,13875,13875,20875,13958,13959,13958,13917,13833,14000,13958,13833,13917,14042,13875,13833,13834,13917,13917,13875,13834,13917,13875,13834,13875,13875,13833,13875,13916,13833
BUBBLE_SORT_PASS_PER_ITEM,INTEGER,DESC,100,48.98702776132563,8.943766710003281,17797.066666666666,17708,22916,17791.0,30,17750.0,17833.0,83.0,20417.0,17750.0,17708,17792,17792,17875,17833,17750,17750,17791,17791,17791,17791,17875,17750,17875,17750,17875,17792,17750,17791,17833,17709,17917,17792,17792,17833,17791,17791,17791,17791,17750
BUBBLE_SORT_PASS_PER_ITEM,INTEGER,ASC,1000,17378.17543373169,3172.806231112323,872045.8333333334,863583,984375,866459.0,30,863834.0,870291.0,6457.0,870042.0,866583.0,866333,901084,943875,917417,866459,863750,870417,863750,863834,866458,867208,870667,874917,866458,864875,863750,866459,863708,870291,863708,866417,870875,868125,863708,868125,866416,865416,866500,863792,866583
BUBBLE_SORT_PASS_PER_ITEM,INTEGER,RANDOM,1000,4318.086806291261,788.3711830237215,1365011.0,1355709,1475083,1364459.0,30,1362666.0,1368291.0,5625.0,1365083.0,1368291.0,1366166,1362125,1363917,1363833,1366708,1372667,1363042,1363709,1359083,1362666,1360708,1368291,1369541,1375916,1359083,1363875,1362666,1365416,1363833,1368959,1364667,1358917,1368958,1370708,1359667,1364459,1367417,1356667,1368375,1368291
BUBBLE_SORT_PASS_PER_ITEM,INTEGER,DESC,1000,5184.3019035031775,946.5196991552205,1638734.8,1633042,1777958,1636834.0,30,1636250.0,1638750.0,2500.0,1638792.0,1636834.0,1634042,1633834,1638708,1646041,1638750,1636792,1634417,1636833,1648291,1636208,1636500,1636875,1634125,1643542,1641375,1635750,1636417,1638750,1643667,1636625,1637791,1636250,1636292,1658625,1633042,1636667,1638042,1636959,1644000,1636834
BUBBLE_SORT_PASS_PER_ITEM,INTEGER,ASC,10000,749024.5210529492,136752.5421017345,9.0484857E7,88916875,95182500,9.081675E7,30,9.074675E7,9.090575E7,159000.0,8.9725292E7,9.0891625E7,90909833,90845709,90798917,90794125,90829625,91080250,90802375,91349667,90934125,89261500,89115250,89170167,89153917,89201042,89018792,89089500,90746750,90967583,90905750,90879583,90816750,90800209,90812000,90840000,90902708,90910209,90808583,91097666,90811500,90891625
BUBBLE_SORT_PASS_PER_ITEM,INTEGER,RANDOM,10000,560539.268303964,102340.0005391739,1.531036513E8,151513541,165465625,1.5296175E8,30,1.52671417E8,1.53479E8,807583.0,1.52721708E8,1.53462625E8,153731500,153205458,153597583,153479000,154543458,152756292,152923041,152715625,152532750,152613208,152563834,152772958,153116417,153522958,152777083,152615208,152187083,153591084,154080333,152961750,152594042,154263250,153217250,153436416,152386500,153125750,152671417,152747708,152917958,153462625
BUBBLE_SORT_PASS_PER_ITEM,INTEGER,DESC,10000,417690.14720494667,76259.43855726757,1.648164139E8,164607334,169377083,1.64729708E8,30,1.64695042E8,1.64765417E8,70375.0,1.65311916E8,1.64865958E8,164772750,164630875,164723958,164734584,164908375,164717167,164679792,164705958,164705833,164714959,164807708,167031916,164740167,164765417,164698000,164749500,164695042,164907291,164694875,164671500,164729708,164679333,164681792,164914417,164704625,164730750,164645667,164742625,164741875,164865958
BUBBLE_SORT_PASS_PER_ITEM,FLOAT,ASC,100,189.6646748577312,34.62787359382077,11872.333333333334,11208,392125,11792.0,30,11708.0,12083.0,375.0,392125.0,12167.0,12084,11667,12083,11834,11958,11708,11750,11708,11709,11875,11709,11750,12125,12042,11917,11709,11708,12166,12125,11708,11708,11667,11792,12167,12167,11709,11667,11708,12083,12167
BUBBLE_SORT_PASS_PER_ITEM,FLOAT,RANDOM,100,41.54510266632586,7.585063294738232,18497.266666666666,18416,356625,18500.0,30,18459.0,18541.0,82.0,356625.0,18459.0,18500,18541,18458,18542,18542,18459,18500,18459,18500,18584,18417,18500,18542,18500,18458,18500,18500,18458,18541,18500,18583,18500,18458,18458,18542,18417,18500,18500,18500,18459
BUBBLE_SORT_PASS_PER_ITEM,FLOAT,DESC,100,31.0439831350439,5.66782994595783,23579.266666666666,23500,29875,23583.0,30,23583.0,23584.0,1.0,29875.0,23584.0,23584,23583,23583,23584,23542,23625,23584,23542,23583,23583,23584,23583,23583,23584,23583,23583,23584,23500,23584,23625,23542,23625,23583,23542,23625,23583,23500,23625,23583,23584
BUBBLE_SORT_PASS_PER_ITEM,FLOAT,ASC,1000,3265.585032663452,596.2115286136724,1100043.1666666667,1098125,1143042,1099458.0,30,1098916.0,1099959.0,1043.0,1143042.0,1099292.0,1098792,1099708,1098834,1099125,1098917,1098250,1099458,1100083,1099167,1099042,1099959,1100042,1099708,1098916,1098875,1102708,1098917,1099459,1100167,1099666,1098375,1098750,1099709,1098792,1099458,1099583,1117084,1100167,1100292,1099292
BUBBLE_SORT_PASS_PER_ITEM,FLOAT,RANDOM,1000,3345.0540264695273,610.7205154569477,1847948.6,1838333,1891541,1848584.0,30,1846458.0,1850208.0,3750.0,1857041.0,1848875.0,1850583,1848041,1852000,1851792,1844458,1841833,1843000,1847125,1848417,1848167,1851333,1849208,1842209,1850208,1853583,1849542,1848542,1849042,1847584,1846458,1848708,1841000,1850708,1847542,1845709,1853208,1841583,1848584,1849416,1848875
BUBBLE_SORT_PASS_PER_ITEM,FLOAT,DESC,1000,1478.5581794437444,269.9465558217033,2201636.1,2200667,2343917,2200917.0,30,2200833.0,2202167.0,1334.0,2343917.0,2200875.0,2202292,2200833,2201000,2200833,2200875,2203708,2200792,2200917,2200917,2202167,2200833,2201000,2200875,2200875,2202291,2206500,2200833,2200750,2200875,2202042,2200833,2200875,2200875,2202292,2200959,2206250,2200750,2201000,2203166,2200875
BUBBLE_SORT_PASS_PER_ITEM,FLOAT,ASC,10000,1026931.2911365071,187491.14438779,1.124211848E8,111242542,118545917,1.1192075E8,30,1.1159675E8,1.13560334E8,1963584.0,1.14233833E8,1.11641042E8,113677084,113701792,113520750,113655875,113514625,113675833,113989167,113472625,113861583,113560334,114417375,111517625,111242542,111358125,111890750,111802209,111738250,111755709,112083000,111473250,111920750,111303666,111499584,111730000,111688125,111596750,111976083,111950916,111420125,111641042
BUBBLE_SORT_PASS_PER_ITEM,FLOAT,RANDOM,10000,829328.0657304716,151413.89639090214,2.3032835423333332E8,223750958,233334292,2.30102959E8,30,2.29883666E8,2.30734583E8,850917.0,2.30377334E8,2.30174708E8,229773625,230063333,229699292,230789417,230800791,229361667,229899000,229975083,229969042,231339209,230381875,230562584,229938792,230102959,230213333,232016833,229230625,229883666,232821959,230101250,231006542,229342708,230112375,229952292,229798375,230190000,229453542,230734583,232161167,230174708
BUBBLE_SORT_PASS_PER_ITEM,FLOAT,DESC,10000,82121.40957821062,14993.249493368921,2.2430414023333332E8,219933292,224677250,2.24320292E8,30,2.24227583E8,2.24359667E8,132084.0,2.20330375E8,2.24227583E8,224344083,224241875,224400417,224330000,224520333,224332625,224136625,224359667,224397958,224244709,224203750,224320292,224216500,224365292,224272875,224359584,224275166,224404875,224333250,224222333,224216833,224206125,224395083,224226667,224267750,224281833,224409708,224280625,224329791,224227583
BUBBLE_SORT_PASS_PER_ITEM,SHORT,ASC,100,48.36119886391939,8.829506508587288,22720.833333333332,22541,355000,22709.0,30,22708.0,22750.0,42.0,355000.0,22792.0,22750,22708,22750,22709,22750,22709,22708,22750,22625,22792,22667,22709,22708,22791,22708,22750,22541,22708,22709,22750,22750,22708,22750,22708,22709,22708,22750,22708,22750,22792
BUBBLE_SORT_PASS_PER_ITEM,SHORT,RANDOM,100,46.45265211900059,8.481055140505593,28926.533333333333,28750,40375,28917.0,30,28916.0,28958.0,42.0,39625.0,28875.0,28917,28917,28917,28916,29000,28958,28958,28917,28917,28875,29000,28875,28959,28875,28917,28875,29000,28917,28917,29000,28917,28875,28958,28834,29042,28917,28917,28917,28917,28875
BUBBLE_SORT_PASS_PER_ITEM,SHORT,DESC,100,42.809773027507006,7.815959456280605,31627.7,31417,40208,31625.0,30,31584.0,31666.0,82.0,35000.0,31666.0,31625,31708,31666,31666,31625,31542,31625,31667,31625,31625,31583,31708,31625,31584,31583,31666,31625,31708,31625,31625,31667,31584,31625,31625,31541,31625,31583,31625,31584,31666
BUBBLE_SORT_PASS_PER_ITEM,SHORT,ASC,1000,3940.707635268908,719.4714881232071,2241957.0,2204083,2385167,2240334.0,30,2239125.0,2245125.0,6000.0,2204083.0,2239042.0,2247584,2239125,2243750,2246208,2239750,2239708,2240459,2246292,2239083,2238709,2239416,2251334,2239416,2240084,2247041,2240834,2241333,2238708,2245125,2239875,2240334,2250125,2236166,2236834,2244000,2248250,2239375,2238750,2242000,2239042
BUBBLE_SORT_PASS_PER_ITEM,SHORT,RANDOM,1000,4802.795574338855,876.8664917171236,2759943.066666667,2745750,2919959,2759917.0,30,2756417.0,2764500.0,8083.0,2761750.0,2760459.0,2765042,2756708,2759334,2759166,2752125,2765750,2758334,2754833,2764500,2759917,2757541,2766334,2764750,2758625,2767750,2766625,2752791,2762959,2757875,2760916,2761500,2751750,2763000,2756417,2754250,2762375,2768333,2753583,2754750,2760459
BUBBLE_SORT_PASS_PER_ITEM,SHORT,DESC,1000,6321.951400916931,1154.2251299111963,3121255.533333333,3081625,3284208,3119250.0,30,3117417.0,3124917.0,7500.0,3081625.0,3121417.0,3117250,3115416,3114417,3118208,3114667,3114875,3116958,3143125,3119250,3115500,3119250,3118542,3125125,3126583,3122542,3117834,3119583,3133916,3117459,3128750,3124416,3117417,3128375,3117458,3118583,3124917,3120083,3128167,3117583,3121417
BUBBLE_SORT_PASS_PER_ITEM,SHORT,ASC,10000,96083.37279213413,17542.34355981,2.2804322776666668E8,227906541,228841958,2.28016125E8,30,2.27996416E8,2.280445E8,48084.0,2.28265042E8,2.28426084E8,228011417,228006875,228130208,228026042,228022917,228005625,227950500,228161375,228044500,228022791,228007834,228168583,228029083,227991958,228013417,228041875,228146041,227941917,228016125,227966375,228068542,228000375,227943917,228043083,228180500,227996416,227968125,228001542,227962791,228426084
BUBBLE_SORT_PASS_PER_ITEM,SHORT,RANDOM,10000,3036316.7770154746,554353.0635009196,3.365711944E8,330380292,511501333,3.3627325E8,30,3.33549625E8,3.39266458E8,5716833.0,3.43793E8,3.35915375E8,341383833,338670166,339239583,341309250,340612167,338715875,337503417,340300708,339150500,340847541,339266458,339436375,339442791,338006459,334190791,336273250,335408709,333008625,334218667,332834583,334112458,333158250,332429292,331940208,334658292,333387375,334999334,333165875,333549625,335915375
BUBBLE_SORT_PASS_PER_ITEM,SHORT,DESC,10000,1123270.0486358611,205080.1146025954,3.149269263E8,311741584,333089833,3.14674958E8,30,3.14083667E8,3.159175E8,1833833.0,3.16466166E8,3.15960042E8,315987042,316003125,315869875,315903958,316291375,315917500,315884625,316226708,312899208,312778292,313483791,313914417,313376625,314443958,314566250,314510083,314096541,314918292,314300625,314644625,314674958,313838375,313839291,314083667,314523208,317201833,315962542,315830792,315876166,315960042
BUBBLE_SORT_PASS_PER_ITEM,STRING,ASC,100,33.39860276518565,6.097722707882199,38357.0,37583,309250,38375.0,30,38333.0,38375.0,42.0,309250.0,38334.0,38333,38333,38375,38333,38375,38334,38375,38292,38375,38375,38375,38375,38375,38292,38375,38375,38375,38375,38334,38333,38417,38333,38375,38333,38334,38375,38334,38458,38333,38334
BUBBLE_SORT_PASS_PER_ITEM,STRING,RANDOM,100,474.2966500221378,86.594324722086,54591.566666666666,54375,73375,54500.0,30,54458.0,54542.0,84.0,73375.0,54500.0,54458,54458,54500,54458,57125,54458,54500,54500,54500,54458,54542,54416,54500,54500,54583,54500,54500,54542,54458,54500,54666,54667,54416,54417,54542,54458,54500,54542,54583,54500
BUBBLE_SORT_PASS_PER_ITEM,STRING,DESC,100,493.67092165620704,90.1315665918234,47684.76666666667,47500,58000,47584.0,30,47583.0,47625.0,42.0,55709.0,47625.0,47625,47625,47542,47583,47583,47583,47542,47625,47625,47584,47625,47542,47541,47667,47583,47583,47583,47584,47708,47625,47500,47583,47625,47584,47625,47584,47541,50334,47584,47625
BUBBLE_SORT_PASS_PER_ITEM,STRING,ASC,1000,31462.474841291314,5744.235728504675,4700395.833333333,4558000,6640458,4696416.0,30,4683875.0,4713791.0,29916.0,5178167.0,4714125.0,4720958,4720333,4834375,4703917,4710333,4722084,4688750,4707542,4711833,4731208,4686417,4696416,4725542,4713791,4660459,4688791,4668959,4694625,4659166,4673125,4680584,4697791,4670542,4686791,4692459,4702042,4672083,4692959,4683875,4714125
BUBBLE_SORT_PASS_PER_ITEM,STRING,RANDOM,1000,31820.730209444002,5809.643910666189,7635329.266666667,7449542,8015125,7633875.0,30,7618542.0,7656708.0,38166.0,7518750.0,7710917.0,7630500,7678917,7630000,7633875,7590250,7633334,7582333,7656708,7622834,7622750,7590750,7618542,7573500,7616417,7577041,7631250,7670000,7642417,7616250,7641792,7657125,7649625,7636917,7686667,7656084,7662750,7663208,7650250,7626875,7710917
BUBBLE_SORT_PASS_PER_ITEM,STRING,DESC,1000,13522.708615469346,2468.897515754005,4939333.366666666,4910000,5320167,4938417.0,30,4929834.0,4949042.0,19208.0,5160250.0,4964458.0,4931750,4949791,4919417,4941458,4942875,4959000,4921208,4935417,4929834,4966125,4920084,4937500,4935084,4949042,4922041,4941750,4935750,4959208,4925292,4944708,4928417,4950125,4934459,4942750,4935583,4957750,4914167,4938417,4946541,4964458
BUBBLE_SORT_PASS_PER_ITEM,STRING,ASC,10000,1.4459492215243261E7,2639930.0187863596,9.471960805666667E8,904143417,1022278542,9.52158667E8,30,9.313625E8,9.59228583E8,2.7866083E7,1.022278542E9,9.26985084E8,931362500,937516750,938995958,931792125,930572167,927648375,927346167,956319208,964623292,967148792,964333375,961990041,957906417,971874208,962815209,955056666,960958459,954026500,959228583,958529500,953544083,952158667,949046958,951585583,943534875,931644167,929913292,929494208,927931208,926985084
BUBBLE_SORT_PASS_PER_ITEM,STRING,RANDOM,10000,9258255.274261625,1690318.4189514236,1.0501570777666667E9,1026217625,1365386583,1.054430583E9,30,1.045139667E9,1.056175375E9,1.1035708E7,1.045924041E9,1.067714209E9,1055389458,1046385167,1058116916,1056175375,1059265500,1035032375,1033169000,1038406500,1031076416,1045139667,1060388417,1054430583,1056737959,1054864583,1055929083,1055711125,1039710917,1035982375,1045440042,1036085583,1046382750,1055777750,1052264583,1052293709,1055267500,1056654041,1052391209,1054174625,1058354916,1067714209
BUBBLE_SORT_PASS_PER_ITEM,STRING,DESC,10000,5219019.279548161,952858.1958209627,6.528452472666667E8,646248291,701548750,6.51061417E8,30,6.49277833E8,6.55652542E8,6374709.0,6.76112583E8,6.53633625E8,658944833,655652542,648435000,648773500,649277833,647045167,647557167,651282458,650535542,649981416,649354250,652281958,649755125,650673750,648031209,649947750,648584375,651889000,652449292,651061417,650740625,653853333,657026167,667030750,667938708,659795542,658523750,656635417,648665917,653633625
BUBBLE_SORT_UNTIL_NO_CHANGE,INTEGER,ASC,100,23.54242034191802,4.2982382265123285,619.4333333333333,583,11666,625.0,30,625.0,625.0,0.0,11666.0,709.0,625,583,583,625,625,583,625,625,625,583,584,583,625,625,625,625,625,625,625,625,625,625,625,625,625,625,625,625,625,709
BUBBLE_SORT_UNTIL_NO_CHANGE,INTEGER,RANDOM,100,35.18276093012979,6.4234639322478415,16352.8,16250,201666,16375.0,30,16333.0,16375.0,42.0,201666.0,16375.0,16334,16417,16292,16375,16375,16375,16292,16333,16416,16333,16375,16333,16292,16375,16375,16333,16333,16375,16333,16334,16375,16375,16333,16334,16375,16375,16333,16417,16292,16375
BUBBLE_SORT_UNTIL_NO_CHANGE,INTEGER,DESC,100,42.35680451697093,7.733259099260564,22234.633333333335,22125,31708,22250.0,30,22208.0,22250.0,42.0,27125.0,22166.0,22250,22166,22291,22250,22250,22209,22250,22250,22208,22250,22166,22250,22292,22208,22250,22333,22208,22167,22250,22250,22208,22250,22250,22167,22292,22250,22209,22208,22291,22166
BUBBLE_SORT_UNTIL_NO_CHANGE,INTEGER,ASC,1000,833.7165179017519,152.21511447314973,1848.6333333333334,1625,6834,1708.0,30,1667.0,1708.0,41.0,6834.0,1750.0,1667,1667,1708,1666,1708,1709,1708,1666,1666,1708,1667,1709,1875,1709,1708,1666,1708,1667,1667,1667,1709,1667,1667,1667,1708,1708,1667,1667,6333,1750
BUBBLE_SORT_UNTIL_NO_CHANGE,INTEGER,RANDOM,1000,3690.130271864848,673.7225300110161,1691910.9,1685542,1813833,1691125.0,30,1689166.0,1694416.0,5250.0,1721875.0,1689375.0,1688416,1689166,1689583,1698250,1694708,1689791,1692416,1690083,1696000,1689916,1695791,1688583,1686584,1697208,1688166,1691125,1694083,1694416,1691416,1687208,1691917,1688584,1703208,1688166,1693625,1690625,1690834,1695042,1693042,1689375
BUBBLE_SORT_UNTIL_NO_CHANGE,INTEGER,DESC,1000,3392.7593581364154,619.4302775460211,2143031.933333333,2137666,2305959,2141042.0,30,2140500.0,2147083.0,6583.0,2147291.0,2147375.0,2141667,2140334,2140458,2147083,2140334,2145083,2140625,2147250,2140375,2142291,2148125,2140292,2140792,2140500,2151542,2140500,2137708,2141042,2147417,2144750,2140667,2140375,2147416,2142333,2141000,2147666,2140541,2140583,2144834,2147375
BUBBLE_SORT_UNTIL_NO_CHANGE,INTEGER,ASC,10000,663.2546821043433,121.09318358648893,18426.4,14625,284083,18500.0,30,17875.0,18875.0,1000.0,17917.0,18500.0,18250,19000,18083,19042,18083,19583,17834,18875,17917,17875,18959,19041,18625,17875,18583,17542,18833,17791,20500,18500,18959,17917,18625,17583,18542,17833,17625,18792,17625,18500
BUBBLE_SORT_UNTIL_NO_CHANGE,INTEGER,RANDOM,10000,1776292.9831422647,324305.2452017207,1.8409225423333332E8,181340291,187497750,1.8528125E8,30,1.82005709E8,1.85527125E8,3521416.0,1.83048917E8,1.81557167E8,185281250,185708167,185527125,185315542,185361333,185908292,185323125,185172583,185341167,185276625,185756209,185355125,185538833,185057167,185852792,185418250,186300500,185793167,183034250,181722833,182037459,182277166,181755917,182005709,181570416,181800750,182099625,181901208,181717875,181557167
BUBBLE_SORT_UNTIL_NO_CHANGE,INTEGER,DESC,10000,243098.49468344217,44383.50974455699,2.1699119033333334E8,212844292,218688666,2.16934208E8,30,2.16909291E8,2.16976375E8,67084.0,2.13347292E8,2.16928584E8,216954625,216993917,216914333,216918042,216916333,216961833,216912209,216934208,216906334,216949208,216935875,216909291,216912625,216980291,217116000,216906167,216961292,217119959,216981458,216908958,216915042,216903167,216987500,216907292,218268292,216941292,216908875,216976375,216906333,216928584
BUBBLE_SORT_UNTIL_NO_CHANGE,FLOAT,ASC,100,84.42530557967926,15.413881430085699,2716.633333333333,2625,21625,2708.0,30,2667.0,2709.0,42.0,21625.0,2666.0,2708,2666,2667,2709,2708,2667,3000,2708,2667,2709,2708,2708,2667,2667,2708,2666,2666,2917,2667,2666,2708,2709,2708,2666,2667,2709,2750,2959,2708,2666
BUBBLE_SORT_UNTIL_NO_CHANGE,FLOAT,RANDOM,100,42.6590618222618,7.788443480686741,20656.933333333334,20542,324750,20666.0,30,20625.0,20667.0,42.0,324750.0,20708.0,20625,20667,20625,20667,20709,20667,20583,20666,20666,20666,20625,20708,20625,20583,20709,20625,20625,20750,20667,20667,20625,20667,20709,20583,20666,20666,20708,20667,20584,20708
BUBBLE_SORT_UNTIL_NO_CHANGE,FLOAT,DESC,100,46.65953516937584,8.518826644990927,27994.566666666666,27875,34292,28000.0,30,27958.0,28000.0,42.0,34292.0,27958.0,28042,27959,28000,27959,27958,27959,28042,28000,27917,28000,27958,28084,27958,28000,27958,27958,28042,28084,28042,28125,28000,27958,28000,27958,27959,28000,27959,28000,28000,27958
BUBBLE_SORT_UNTIL_NO_CHANGE,FLOAT,ASC,1000,31.12806879115161,5.683181816162101,1861.1,1791,6084,1875.0,30,1833.0,1875.0,42.0,6084.0,1833.0,1834,1875,1959,1833,1833,1875,1833,1875,1916,1875,1875,1917,1875,1833,1834,1875,1875,1833,1875,1833,1875,1833,1875,1833,1875,1833,1834,1875,1834,1833
BUBBLE_SORT_UNTIL_NO_CHANGE,FLOAT,RANDOM,1000,1570.8165463293994,286.7905520423236,2126815.3333333335,2121333,2193833,2127083.0,30,2125417.0,2127708.0,2291.0,2134875.0,2127208.0,2128375,2127375,2126709,2126625,2125209,2127167,2126958,2127583,2124667,2126959,2128375,2130167,2127709,2124292,2124083,2124583,2125209,2125417,2127708,2130166,2126083,2129084,2127542,2126208,2127958,2127083,2127333,2125834,2124791,2127208
BUBBLE_SORT_UNTIL_NO_CHANGE,FLOAT,DESC,1000,1030.62751111479,188.16597874099224,2608961.0,2608125,2749791,2608292.0,30,2608250.0,2609708.0,1458.0,2616375.0,2608250.0,2609666,2608250,2608167,2608208,2609708,2608292,2608292,2609708,2608583,2611375,2608250,2609667,2608208,2608208,2608292,2609584,2608208,2610416,2612166,2609833,2608250,2608291,2608333,2609709,2608250,2608459,2608208,2609791,2608208,2608250
BUBBLE_SORT_UNTIL_NO_CHANGE,FLOAT,ASC,10000,741.4988581694962,135.37855032791896,19756.9,16583,225459,19792.0,30,19125.0,20333.0,1208.0,20917.0,20167.0,20375,20333,19375,20458,19500,20416,19583,18958,20583,19292,20417,18833,20417,19167,20208,18833,22167,19125,20083,19042,19750,18792,19834,18833,18833,19875,20208,19792,19458,20167
BUBBLE_SORT_UNTIL_NO_CHANGE,FLOAT,RANDOM,10000,769150.5134420997,140427.02877630616,2.5278162643333334E8,250395959,263767500,2.52482791E8,30,2.52267334E8,2.52912E8,644666.0,2.56830209E8,2.52167125E8,254247584,253866958,252086958,253992334,252344208,252355084,251882334,252395125,252279084,252425000,252912000,251798541,252293625,253801500,252102416,251950250,254573625,254240666,252880709,252403542,252178000,252709750,253640250,252859500,252267334,252804000,252817459,252691041,252482791,252167125
BUBBLE_SORT_UNTIL_NO_CHANGE,FLOAT,DESC,10000,81056.48131752876,14798.821083202189,2.6515804723333332E8,259975041,266280000,2.65127417E8,30,2.65109583E8,2.65241875E8,132292.0,2.6025775E8,2.65128041E8,265129833,265112584,265261958,265114167,265104334,265339375,265155125,265050000,265114417,265269000,265138625,265127417,265120292,265259500,265116708,265112042,265087792,265241875,265132750,265095625,265138458,265286375,265106000,265105959,265308333,265123625,265109583,265040583,265311041,265128041
BUBBLE_SORT_UNTIL_NO_CHANGE,SHORT,ASC,100,17.693564429538284,3.230388120243048,657.0666666666667,584,13708,667.0,30,666.0,667.0,1.0,13708.0,667.0,667,667,667,667,625,625,667,667,667,667,625,625,667,625,666,666,666,666,625,667,667,667,667,667,625,667,667,667,667,667
BUBBLE_SORT_UNTIL_NO_CHANGE,SHORT,RANDOM,100,187.95449803964075,34.31563945362392,32304.2,31792,106417,32292.0,30,32125.0,32500.0,375.0,106417.0,32541.0,32500,32042,32125,32500,32292,32292,32750,32209,32125,32584,32500,32334,32208,32083,32417,32125,32291,32291,32041,32334,32042,32250,32459,32208,32541,32500,32292,32250,32000,32541
BUBBLE_SORT_UNTIL_NO_CHANGE,SHORT,DESC,100,534.3584117633242,97.56005197180218,36223.566666666666,35375,55625,36125.0,30,36083.0,36167.0,84.0,39417.0,36083.0,36041,36292,36208,36208,36209,36083,39083,36042,36125,36125,36042,36166,36125,36125,36083,36125,36083,36167,36083,36125,36167,36167,36083,36166,36000,36167,36084,36125,36125,36083
BUBBLE_SORT_UNTIL_NO_CHANGE,SHORT,ASC,1000,22.883302986141558,4.177900411911686,2790.233333333333,2708,5375,2792.0,30,2791.0,2792.0,1.0,5375.0,2792.0,2791,2792,2792,2791,2834,2791,2834,2791,2792,2750,2791,2792,2792,2791,2834,2750,2791,2792,2792,2791,2750,2791,2792,2792,2791,2833,2792,2750,2750,2792
BUBBLE_SORT_UNTIL_NO_CHANGE,SHORT,RANDOM,1000,11587.77599642543,2115.62876818637,3748383.3,3722292,3919625,3747125.0,30,3740958.0,3753750.0,12792.0,3770041.0,3750875.0,3744834,3747541,3752375,3747125,3735250,3748667,3740958,3739500,3753750,3742291,3731667,3780791,3728084,3745000,3739958,3773708,3737583,3741542,3745042,3774625,3744083,3754125,3752083,3740542,3744250,3756625,3754208,3754959,3749458,3750875
BUBBLE_SORT_UNTIL_NO_CHANGE,SHORT,DESC,1000,4507.082701334276,822.8769546873674,3483615.3,3426333,3646625,3483791.0,30,3479292.0,3486250.0,6958.0,3426333.0,3486250.0,3480917,3479250,3485750,3483584,3486333,3484167,3478708,3481125,3488917,3479292,3479292,3498041,3479042,3486042,3483833,3486167,3479291,3480459,3486333,3478708,3490792,3479542,3489250,3483791,3480000,3487750,3479167,3486208,3480458,3486250
BUBBLE_SORT_UNTIL_NO_CHANGE,SHORT,ASC,10000,882.7877944330676,161.17426283374155,30206.9,27041,216834,30208.0,30,29583.0,30542.0,959.0,31041.0,29917.0,30250,29083,30458,29333,30292,28958,29417,31000,29417,30500,29917,30542,29750,30375,29500,31334,30208,30708,29541,31834,29666,30792,29583,29708,30625,29791,33417,29833,30458,29917
BUBBLE_SORT_UNTIL_NO_CHANGE,SHORT,RANDOM,10000,1816784.4257808004,331697.9373747382,4.192883361666667E8,414477625,428032458,4.19128708E8,30,4.17734542E8,4.20285375E8,2550833.0,4.19954667E8,4.22150125E8,418102167,419514542,417242958,419049583,419943917,422907583,419151625,418085875,418400042,416983708,419338833,419128708,417760375,417659833,421200542,418971375,422503959,421921084,420285375,417458334,417076500,418052250,420987250,417491083,417313917,417734542,419784500,419346208,423103292,422150125
BUBBLE_SORT_UNTIL_NO_CHANGE,SHORT,DESC,10000,334449.5219997315,61061.849182024416,3.501679638666667E8,349862458,363880500,3.50090959E8,30,3.50014E8,3.50146291E8,132291.0,3.50607334E8,3.50121875E8,351415833,350174000,349991291,349982417,350272083,349993708,350089583,350107125,349928500,350194333,350033083,350014000,350090959,350146291,350069834,350366459,351319334,349986792,350095958,350039792,350040292,350116750,350038541,350127500,350107208,350003459,350064708,350193833,349913375,350121875
BUBBLE_SORT_UNTIL_NO_CHANGE,STRING,ASC,100,20.69836279086398,3.778986734660595,601.3333333333334,542,16042,584.0,30,583.0,625.0,42.0,16042.0,584.0,625,625,584,584,584,625,625,583,583,583,583,583,583,583,625,625,625,583,583,583,583,625,625,583,625,583,625,625,625,584
BUBBLE_SORT_UNTIL_NO_CHANGE,STRING,RANDOM,100,52.15392815716016,9.521960971393487,62501.36666666667,62291,83792,62500.0,30,62458.0,62542.0,84.0,78917.0,62500.0,62458,62416,62542,62541,62458,62417,62459,62500,62541,62584,62500,62541,62458,62417,62500,62542,62500,62458,62542,62500,62500,62542,62583,62417,62500,62625,62500,62542,62458,62500
BUBBLE_SORT_UNTIL_NO_CHANGE,STRING,DESC,100,796.7245927336916,145.4613438531198,60008.3,59666,70125,59875.0,30,59833.0,59875.0,42.0,67833.0,59875.0,59833,59875,59875,59875,59833,59833,59875,59750,59875,59875,59875,59833,59917,59833,59917,59875,59875,59834,59791,59875,59750,59833,59958,59875,59917,59917,59833,59875,64292,59875
BUBBLE_SORT_UNTIL_NO_CHANGE,STRING,ASC,1000,51.21636023338201,9.350785271044627,7980.533333333334,7833,16792,7959.0,30,7958.0,8000.0,42.0,16792.0,8041.0,7917,8000,8000,7959,8041,7959,7875,8042,7916,7958,8000,8084,7958,7958,7959,7916,8000,8000,7917,8041,8083,7917,7959,8041,8000,7958,7958,8000,7959,8041
BUBBLE_SORT_UNTIL_NO_CHANGE,STRING,RANDOM,1000,46710.357509467016,8528.105492355306,8886290.266666668,8810500,9415459,8879458.0,30,8855042.0,8904459.0,49417.0,9077458.0,8995000.0,8882875,8879458,8840292,8864958,8832916,8904459,8848000,8919791,8866417,8881625,8814667,8837416,8863875,8901917,8825375,8855042,8876875,8897458,8868792,8868500,8900166,8905292,8849041,8975125,8921958,8865084,9008625,8953459,8884250,8995000
BUBBLE_SORT_UNTIL_NO_CHANGE,STRING,DESC,1000,24126.306385262447,4404.840745496389,6515695.933333334,6469792,7101584,6516584.0,30,6498750.0,6529667.0,30917.0,6721583.0,6592375.0,6529666,6521625,6479083,6516584,6501334,6523250,6496250,6540291,6509334,6535375,6483000,6496000,6507250,6515167,6469792,6522875,6495250,6519417,6498750,6527500,6510834,6529667,6479875,6506375,6510125,6537458,6532709,6537250,6546417,6592375
BUBBLE_SORT_UNTIL_NO_CHANGE,STRING,ASC,10000,781.7761607746527,142.73214605868756,111306.96666666666,110875,362125,111083.0,30,111000.0,111167.0,167.0,132917.0,111000.0,111084,111000,110959,111291,111084,111166,111000,111167,111083,111041,110959,111000,111125,110916,110917,111583,111042,111042,111000,111125,111042,111917,114541,111250,110916,111167,113667,111125,111000,111000
BUBBLE_SORT_UNTIL_NO_CHANGE,STRING,RANDOM,10000,1.1534100403662708E7,2105828.990538502,1.1655169014333334E9,1143492000,1242305167,1.16447525E9,30,1.154396792E9,1.175263625E9,2.0866833E7,1.163454709E9,1.150147083E9,1158408334,1164475250,1150450375,1156897500,1153339083,1158793375,1173647583,1175263625,1176755292,1185779250,1186665042,1177910041,1186263792,1182828500,1168690625,1177966500,1170044833,1171900417,1162981292,1162674125,1161128958,1165117084,1151577166,1153087084,1150634375,1153989334,1167568375,1154396792,1156125958,1150147083
BUBBLE_SORT_UNTIL_NO_CHANGE,STRING,DESC,10000,8757210.2310639,1598840.5281229087,8.149778819666667E8,799788250,1010318625,8.11089792E8,30,8.07518375E8,8.21685375E8,1.4167E7,8.29415417E8,8.31904084E8,819919167,833343583,823664667,825680208,819680542,821685375,817470583,824511792,806564750,810044375,806570375,807897959,807518375,808973000,820109041,810691792,806522167,806601041,805578625,802677250,815621542,806882667,812073666,811089792,810423500,808443583,809670584,830086958,827435416,831904084
BUBBLE_SORT_WHILE_NEEDED,INTEGER,ASC,100,20.090793911640226,3.668060341197602,651.4,583,10042,666.0,30,625.0,667.0,42.0,8459.0,625.0,666,625,667,667,667,667,667,625,667,667,625,666,666,625,667,667,625,667,625,666,666,625,667,625,667,667,625,666,625,625
BUBBLE_SORT_WHILE_NEEDED,INTEGER,RANDOM,100,32.87053729743739,6.001311585040452,9995.833333333334,9916,149459,10000.0,30,9959.0,10041.0,82.0,60000.0,10000.0,10000,9958,9958,10041,10000,9958,10041,9958,10000,10041,9958,10042,9959,9958,10042,9959,10000,9959,10042,10000,10000,9958,10000,9959,10042,10042,10000,10000,10000,10000
BUBBLE_SORT_WHILE_NEEDED,INTEGER,DESC,100,27.26864296016377,4.978550287278715,14223.566666666668,14125,21584,14209.0,30,14208.0,14250.0,42.0,17083.0,14250.0,14208,14250,14250,14167,14250,14291,14208,14209,14208,14208,14250,14208,14209,14208,14250,14208,14209,14208,14250,14208,14291,14208,14209,14208,14208,14209,14250,14209,14208,14250
BUBBLE_SORT_WHILE_NEEDED,INTEGER,ASC,1000,26.198897347449986,4.783242352986873,1530.5333333333333,1458,3875,1541.0,30,1500.0,1542.0,42.0,3875.0,1583.0,1500,1542,1542,1500,1584,1500,1542,1500,1583,1542,1500,1541,1541,1500,1542,1500,1542,1500,1541,1541,1500,1542,1500,1542,1542,1542,1500,1541,1541,1583
BUBBLE_SORT_WHILE_NEEDED,INTEGER,RANDOM,1000,3362.6643959812586,613.9357143328066,1040548.4,1034750,1137000,1040209.0,30,1038166.0,1042250.0,4084.0,1063125.0,1042667.0,1043916,1040541,1039666,1049375,1038917,1040208,1037916,1039208,1037167,1043375,1041083,1045625,1038958,1040458,1040209,1037208,1040541,1038166,1038666,1047625,1040792,1036250,1040209,1036917,1039541,1035666,1046791,1036541,1042250,1042667
BUBBLE_SORT_WHILE_NEEDED,INTEGER,DESC,1000,4144.2659965306275,756.6359902004837,1393137.5,1388666,1510625,1391542.0,30,1391417.0,1396000.0,4583.0,1484125.0,1398375.0,1396000,1391417,1388750,1391584,1391458,1398708,1403000,1391541,1391458,1388709,1391542,1391542,1398708,1393000,1392041,1391541,1388750,1391458,1398959,1388792,1393167,1388875,1388667,1398500,1391500,1391542,1388708,1393083,1402750,1398375
BUBBLE_SORT_WHILE_NEEDED,INTEGER,ASC,10000,102.57807866314431,18.728109196447836,13913.933333333332,13667,162667,13875.0,30,13833.0,13958.0,125.0,20042.0,13958.0,14125,13958,13959,13958,13875,13917,13875,13875,13792,13792,13833,13875,13959,13792,13875,13917,13833,13833,14250,13833,14042,13875,13792,13959,14083,13875,13958,13875,13875,13958
BUBBLE_SORT_WHILE_NEEDED,INTEGER,RANDOM,10000,190946.22305081956,34861.85121178226,1.030349166E8,100876250,104393750,1.03010417E8,30,1.02914459E8,1.03068833E8,154374.0,1.0316875E8,1.03010417E8,103015958,103013250,103052042,102917167,103055291,102914459,103114375,102961500,102840000,102967250,102834833,103200958,102893416,103111375,102953375,103068833,102936375,102887333,102939500,102886958,103107166,103034750,103202500,103048292,103550916,103745584,102911250,102989541,102882834,103010417
BUBBLE_SORT_WHILE_NEEDED,INTEGER,DESC,10000,72674.58632318147,13268.503428854308,1.3860051523333332E8,138558042,143366583,1.38572208E8,30,1.38566417E8,1.38574916E8,8499.0,1.41321E8,1.38874291E8,138566791,138572000,138571125,138567000,138566292,138572208,138566125,138573541,138571666,138566750,138565542,138572917,138572292,138565334,138574916,138577500,138566417,138572333,138578000,138570875,138566375,138573875,138564917,138566375,138572958,138741625,138720292,138731542,138693583,138874291
BUBBLE_SORT_WHILE_NEEDED,FLOAT,ASC,100,100.55280536447836,18.358346572850426,2568.0,2458,29875,2542.0,30,2500.0,2542.0,42.0,29084.0,2500.0,2541,2541,2833,2500,2500,2542,2542,2542,2458,2542,2542,2500,2792,2542,2542,2542,2542,2500,2542,2625,2583,2625,2916,2541,2541,2541,2583,2500,2500,2500
BUBBLE_SORT_WHILE_NEEDED,FLOAT,RANDOM,100,215.62318211794081,39.367226922346916,14711.1,14333,210417,14666.0,30,14625.0,14708.0,83.0,210417.0,14667.0,14667,14708,14708,14667,14667,14667,14708,14708,15250,14625,14542,15125,14625,14625,14667,14625,14625,14625,14625,14708,14666,15583,14625,14583,14625,14584,14625,14625,14583,14667
BUBBLE_SORT_WHILE_NEEDED,FLOAT,DESC,100,34.72072707892058,6.339108478035086,17754.266666666666,17666,22959,17750.0,30,17750.0,17750.0,0.0,22959.0,17750.0,17750,17709,17750,17792,17708,17791,17750,17750,17750,17666,17750,17792,17750,17709,17750,17834,17750,17750,17750,17750,17834,17792,17750,17792,17709,17750,17750,17750,17750,17750
BUBBLE_SORT_WHILE_NEEDED,FLOAT,ASC,1000,24.3804338672542,4.451237863619346,1845.8333333333333,1708,4708,1834.0,30,1833.0,1834.0,1.0,4708.0,1833.0,1833,1834,1833,1833,1834,1833,1833,1834,1917,1875,1875,1916,1833,1834,1875,1834,1833,1833,1834,1833,1875,1833,1875,1833,1833,1834,1833,1833,1834,1833
BUBBLE_SORT_WHILE_NEEDED,FLOAT,RANDOM,1000,5266.33502162557,961.4968289079272,1476834.8,1462417,1751417,1476750.0,30,1472375.0,1480791.0,8416.0,1482166.0,1474375.0,1472375,1475209,1469292,1469375,1480417,1485750,1480791,1485125,1485833,1480542,1467292,1471417,1474959,1475750,1483000,1472083,1476750,1476583,1475250,1482333,1473375,1478041,1476875,1469875,1481209,1477125,1470084,1485250,1478709,1474375
BUBBLE_SORT_WHILE_NEEDED,FLOAT,DESC,1000,730.9417547854883,133.4510957728072,1721938.8666666667,1721458,1776500,1721625.0,30,1721583.0,1721709.0,126.0,1727375.0,1721709.0,1721542,1721667,1721625,1721625,1721542,1723125,1721584,1721583,1721625,1721625,1721625,1723041,1721583,1721709,1721583,1721541,1721625,1723042,1721542,1721583,1721583,1721584,1722917,1724708,1721541,1721750,1721583,1721541,1722833,1721709
BUBBLE_SORT_WHILE_NEEDED,FLOAT,ASC,10000,99.73253676152476,18.208586700500113,16355.566666666668,15875,170583,16333.0,30,16292.0,16375.0,83.0,30500.0,16375.0,16333,16333,16292,16334,16333,16417,16375,16375,16417,16375,16209,16291,16333,16459,16625,16709,16333,16250,16333,16250,16333,16333,16334,16291,16250,16292,16333,16417,16333,16375
BUBBLE_SORT_WHILE_NEEDED,FLOAT,RANDOM,10000,819010.9072666732,149530.24958424288,2.1596080843333334E8,212605458,224306167,2.15872E8,30,2.15580792E8,2.16332292E8,751500.0,2.18166459E8,2.15699875E8,217294667,216317666,215760500,215613834,217186250,217062625,216562833,215694458,215716584,217643500,216821917,216290750,214669834,216332292,215782750,216322625,215502542,215580792,215670958,214612667,217084000,215974041,215394417,214612750,216074917,216271792,214999292,215872000,214401125,215699875
BUBBLE_SORT_WHILE_NEEDED,FLOAT,DESC,10000,55178.6266709614,10074.192839947249,1.752410042E8,174764833,175540666,1.75222041E8,30,1.75210083E8,1.75236833E8,26750.0,1.74913958E8,1.75222041E8,175214583,175354000,175223167,175206167,175221209,175223333,175220166,175349709,175210083,175204292,175249917,175216959,175402625,175212125,175234542,175209750,175212083,175228000,175333542,175162542,175204125,175218792,175236833,175259833,175343833,175225625,175199333,175203417,175227500,175222041
BUBBLE_SORT_WHILE_NEEDED,SHORT,ASC,100,52.36900058452731,9.561227644715613,690.2333333333333,625,11958,667.0,30,666.0,708.0,42.0,11958.0,708.0,667,708,666,666,875,708,666,666,708,709,667,667,875,709,667,667,667,708,666,666,667,667,667,667,667,667,667,666,666,708
BUBBLE_SORT_WHILE_NEEDED,SHORT,RANDOM,100,31.128925455273915,5.683338220916766,19194.3,18791,84792,19208.0,30,19166.0,19208.0,42.0,52833.0,19208.0,19208,19167,19250,19166,19166,19208,19209,19167,19208,19208,19167,19209,19208,19250,19166,19166,19208,19209,19167,19166,19166,19250,19167,19208,19208,19250,19125,19208,19166,19208
BUBBLE_SORT_WHILE_NEEDED,SHORT,DESC,100,29.937360530874383,5.465789224974912,22562.433333333334,22458,37041,22583.0,30,22542.0,22583.0,41.0,37041.0,22584.0,22583,22583,22500,22625,22541,22542,22583,22583,22542,22583,22583,22542,22625,22541,22542,22583,22542,22584,22583,22583,22584,22541,22500,22583,22541,22542,22542,22541,22542,22584
BUBBLE_SORT_WHILE_NEEDED,SHORT,ASC,1000,28.440288324839464,5.192462485821796,2719.5,2625,4708,2708.0,30,2708.0,2709.0,1.0,4708.0,2750.0,2709,2709,2708,2708,2750,2708,2834,2709,2708,2708,2750,2708,2708,2709,2709,2709,2708,2708,2708,2708,2709,2709,2708,2708,2708,2792,2709,2708,2708,2750
BUBBLE_SORT_WHILE_NEEDED,SHORT,RANDOM,1000,4417.574504056371,806.5350684437904,1834300.0333333334,1824375,1915791,1834042.0,30,1831125.0,1836291.0,5166.0,1836541.0,1826291.0,1840542,1831125,1833000,1834125,1836291,1832834,1837417,1828417,1835541,1845084,1833375,1834416,1827834,1841250,1835583,1830333,1834042,1839167,1828791,1830709,1832625,1829416,1841334,1832916,1832834,1833542,1841083,1834500,1834584,1826291
BUBBLE_SORT_WHILE_NEEDED,SHORT,DESC,1000,3409.437897790322,622.4753483442507,2257697.2333333334,2252333,2412709,2256334.0,30,2255084.0,2262000.0,6916.0,2264000.0,2262125.0,2262083,2255125,2255084,2255166,2259542,2255167,2255875,2262375,2258000,2262541,2256334,2262000,2255125,2259709,2253125,2255083,2252333,2257042,2262292,2255083,2255167,2256875,2265583,2255083,2255084,2262166,2259000,2255084,2255666,2262125
BUBBLE_SORT_WHILE_NEEDED,SHORT,ASC,10000,99.29247481836457,18.128242749510648,26131.933333333334,25916,192542,26125.0,30,26083.0,26167.0,84.0,34375.0,26459.0,26041,26125,26167,26125,26083,26125,26167,26125,26042,26166,26042,26167,26000,26042,26000,26250,26416,26167,26083,26125,26083,26125,26167,26083,26041,26125,26167,26125,26125,26459
BUBBLE_SORT_WHILE_NEEDED,SHORT,RANDOM,10000,2024155.0321297513,369558.4569950197,2.4540058626666668E8,239462584,255398000,2.45950084E8,30,2.44155084E8,2.46936375E8,2781291.0,2.41166042E8,2.44596583E8,243426084,249442500,247207417,245710584,246936375,245950084,247048416,244155084,244236000,246483708,247781417,245343292,243984750,246943250,245951334,248056375,247522500,245952000,245451709,244983083,246490542,246441959,246780917,245116500,241730625,243252416,242999042,241445167,240597875,244596583
BUBBLE_SORT_WHILE_NEEDED,SHORT,DESC,10000,146191.158969648,26690.731825166637,2.2530229866666666E8,224455125,233275292,2.252505E8,30,2.25208959E8,2.25361083E8,152124.0,2.25429541E8,2.25182625E8,225165916,225208959,225351042,225226250,225386625,225298584,225191959,225209375,225375709,225196292,225202750,225215083,225408708,225370833,225228791,225322209,225225750,225361083,225309458,225214042,225930917,225476166,225250500,225195000,225212459,225465625,225350125,225192750,225343375,225182625
BUBBLE_SORT_WHILE_NEEDED,STRING,ASC,100,22.797270791819695,4.162193154077769,598.4666666666667,541,7208,583.0,30,583.0,625.0,42.0,7208.0,583.0,583,583,583,625,583,583,625,625,584,584,625,583,625,583,583,583,625,583,583,583,625,584,625,583,583,666,625,583,583,583
BUBBLE_SORT_WHILE_NEEDED,STRING,RANDOM,100,1312.2125204740614,239.57613256811769,38151.36666666667,37708,51625,37834.0,30,37792.0,37875.0,83.0,51625.0,37792.0,37875,37750,37917,37750,37875,37750,37834,37750,37916,37792,37791,37834,37875,37833,44708,37917,37958,37792,37792,37875,37875,40541,37833,37834,37833,37708,37833,37833,37875,37792
BUBBLE_SORT_WHILE_NEEDED,STRING,DESC,100,66.92799613515011,12.219324403946764,33968.1,33166,44875,33959.0,30,33958.0,34000.0,42.0,38583.0,34000.0,33958,33875,33959,33916,33959,33916,33959,33959,34000,33916,34000,33959,33958,33958,34042,34000,34000,34000,33958,33917,33959,33916,34250,34000,33958,33959,33834,33958,34000,34000
BUBBLE_SORT_WHILE_NEEDED,STRING,ASC,1000,147.2437170891248,26.882901766874188,7862.433333333333,7625,17875,7875.0,30,7709.0,7958.0,249.0,17875.0,7708.0,7791,7917,8041,8042,7750,7917,7708,7917,7958,7791,7792,8167,7791,7667,7875,7791,8084,7750,7875,8166,7709,8084,7667,7916,7708,7917,7958,7708,7708,7708
BUBBLE_SORT_WHILE_NEEDED,STRING,RANDOM,1000,14121.93913360815,2578.3015397307154,5133422.2,5107916,5494750,5131375.0,30,5122375.0,5141250.0,18875.0,5144166.0,5125375.0,5130291,5134542,5115833,5151959,5116708,5141250,5127916,5145625,5121417,5141875,5129958,5151042,5118750,5143041,5122334,5138083,5122375,5138833,5112000,5184042,5134042,5132416,5127417,5150250,5121500,5131375,5124167,5137083,5131167,5125375
BUBBLE_SORT_WHILE_NEEDED,STRING,DESC,1000,6545.725093185289,1195.080429588396,3305490.2666666666,3246750,3887792,3305542.0,30,3300791.0,3309916.0,9125.0,3246750.0,3307000.0,3310458,3305542,3296875,3310458,3304750,3309375,3296708,3314333,3299917,3301292,3304959,3305666,3307167,3306625,3298167,3309916,3303500,3311334,3301500,3327625,3313250,3300791,3296250,3303250,3308084,3303666,3296417,3310042,3299791,3307000
BUBBLE_SORT_WHILE_NEEDED,STRING,ASC,10000,25334.49652086174,4625.425075837375,120968.03333333334,111250,362875,115875.0,30,115458.0,116333.0,875.0,134666.0,117208.0,115334,115459,115416,115583,115625,115375,115333,115458,115500,118125,115458,115291,115500,115500,115292,257209,117000,119334,116041,116042,115833,116084,116333,116000,116084,118541,115875,116083,121125,117208
BUBBLE_SORT_WHILE_NEEDED,STRING,RANDOM,10000,1528227.6506405207,279014.9190863125,6.162957735666667E8,612332708,633548125,6.163005E8,30,6.14820333E8,6.17332292E8,2511959.0,6.31998084E8,6.16927209E8,614667541,613983583,614464084,614782000,614414875,614323166,615809542,614820333,614465250,615946625,617332292,616799167,616343375,616300500,615612125,617021416,615473167,614980917,615350708,615487875,617632875,617981792,618787000,619290041,618799500,618252833,618545625,617291708,616986083,616927209
BUBBLE_SORT_WHILE_NEEDED,STRING,DESC,10000,3177005.307756925,580039.1574573701,3.322194541666667E8,327676042,337849125,3.3429425E8,30,3.28619875E8,3.35237708E8,6617833.0,3.32443375E8,3.36352209E8,329368209,328559208,328388958,328078584,329169583,328597000,328603500,329066208,327676042,328748792,329314916,328619875,328300042,333149208,334848583,335061709,335237708,334373958,334300417,334294250,335409833,335256542,335201792,335439666,335354583,335374542,335358667,334837208,334241833,336352209
