Algorithm,Data Type,Data Ordering,Array size,Standard deviation,Standard error,Mean,Minimum time,Maximum time,Median,Number of iterations,First quartile,Third quartile,Interquartile range,First result,Last result,v_0,v_1,v_2,v_3,v_4,v_5,v_6,v_7,v_8,v_9,v_10,v_11,v_12,v_13,v_14,v_15,v_16,v_17,v_18,v_19,v_20,v_21,v_22,v_23,v_24,v_25,v_26,v_27,v_28,v_29

BUBBLE_SORT_PASS_PER_ITEM,INTEGER,ASC,100,29905.72671572379,5460.013706928936,107041.06666666667,77003,782386,97535.0,30,81440.0,113182.0,31742.0,782386.0,175524.0,77415,77044,77041,80445,79595,143343,77420,77087,81440,96865,101367,197361,101049,97330,97091,97028,154490,97535,101729,98476,96951,131731,113182,108516,139003,99496,97221,97262,141195,175524
BUBBLE_SORT_PASS_PER_ITEM,INTEGER,RANDOM,100,60278.92913868549,11005.3764105045,99672.6,36138,566850,143643.0,30,37235.0,145817.0,108582.0,566850.0,36138.0,143480,143763,143776,143869,237987,166378,146147,146758,144439,145034,144030,143643,145817,156423,163715,146231,42646,40506,39137,38191,37819,37235,36821,38362,36561,36510,36387,36169,36206,36138
BUBBLE_SORT_PASS_PER_ITEM,INTEGER,DESC,100,4813.465294243731,878.8145071418444,46469.166666666664,43504,77670,44965.0,30,44860.0,45149.0,289.0,52959.0,43781.0,45007,45032,45067,45149,45023,44890,45119,44830,44875,44965,45288,69658,47704,45338,45010,44904,44786,44860,44905,44927,44854,44902,54408,47868,44767,44894,44679,44827,51758,43781
BUBBLE_SORT_PASS_PER_ITEM,INTEGER,ASC,1000,119289.41989620596,21779.168716285858,2184959.6,2067499,3881137,2138036.0,30,2077705.0,2299835.0,222130.0,2126662.0,2069906.0,2360108,2367588,2425665,2354761,2299835,2374759,2309149,2301399,2295045,2198250,2071984,2077705,2286063,2282376,2074662,2067499,2138036,2087208,2074764,2076960,2179045,2082422,2098218,2080680,2157672,2097198,2075592,2080636,2103603,2069906
BUBBLE_SORT_PASS_PER_ITEM,INTEGER,RANDOM,1000,392171.59924770036,71600.41044028051,3120665.033333333,2687519,4119338,2962384.0,30,2830868.0,3311698.0,480830.0,2893069.0,3376860.0,2834290,2838639,2857857,2843595,2823841,2871103,2830868,2807595,3021774,2767818,3032889,2791683,2756238,3225663,3335698,2851242,3184078,2687519,2819585,4119338,3812384,3739032,2864309,3235501,3311698,3309741,3904822,2962384,3801907,3376860
BUBBLE_SORT_PASS_PER_ITEM,INTEGER,DESC,1000,283955.79232501826,51842.99759688827,3473004.066666667,3207906,4708180,3393980.0,30,3328177.0,3490586.0,162409.0,3716919.0,3991743.0,3393980,3348412,3397364,3391693,3328177,3398352,3415020,3355051,3333859,3291210,3290742,3347093,3428986,3353980,3346350,3207906,3635504,3316774,3654989,3297373,3439957,3314096,3248857,3490586,3504932,4708180,3724727,3766704,3467525,3991743
BUBBLE_SORT_PASS_PER_ITEM,FLOAT,ASC,100,10596.233317394755,1934.5986708416353,53407.5,49993,454713,50778.0,30,50641.0,51137.0,496.0,454713.0,50604.0,50671,50691,51183,51045,50768,50827,50681,50748,50615,51222,50641,73341,106141,51001,51147,50450,51137,50645,51281,50908,50766,50867,50569,50596,50464,50846,50778,50447,51145,50604
BUBBLE_SORT_PASS_PER_ITEM,FLOAT,RANDOM,100,2606.5801775932814,475.89425373788737,94567.33333333333,85936,524818,94580.0,30,93252.0,96417.0,3165.0,493132.0,86795.0,92924,92782,94529,96610,94360,97984,98458,94998,99923,96480,93488,93592,95378,95289,96417,95173,92041,91065,94580,93014,96488,98139,96236,93294,93252,93798,94471,95551,89911,86795
BUBBLE_SORT_PASS_PER_ITEM,FLOAT,DESC,100,3171.2548662424892,578.9892752796799,44978.2,43688,60028,43760.0,30,43715.0,44910.0,1195.0,52091.0,43730.0,44897,55587,44987,44964,44984,44945,44910,44878,44906,45315,43943,57643,43825,43753,43698,43731,43715,43701,43739,43696,43713,43721,43693,44052,43712,43720,43740,43688,43760,43730
BUBBLE_SORT_PASS_PER_ITEM,FLOAT,ASC,1000,221608.29279560418,40459.953631454,2269000.533333333,1779223,3340814,2233659.0,30,2154191.0,2290778.0,136587.0,1931230.0,2274232.0,2195303,2200806,2233659,2290778,2170943,2190989,2272248,2185061,2103094,2303582,2118732,2089141,2154191,2153726,2205033,2146715,2103328,2273018,2272768,2156508,2142427,2356366,2239519,2437615,3340814,2459157,2243556,2319370,2437337,2274232
BUBBLE_SORT_PASS_PER_ITEM,FLOAT,RANDOM,1000,105034.52348656078,19176.592610131836,3020910.8666666667,2942086,4059541,2960755.0,30,2947600.0,3068630.0,121030.0,3636552.0,2944927.0,3294879,2948931,2943465,2988928,2949705,2947509,3247590,2951670,3007768,2960755,2946263,3011862,3018564,2942086,3017739,2950982,2944516,3112292,2955049,3158483,2947600,3082427,3166030,2949168,2945210,3068630,2999986,3274668,2949644,2944927
BUBBLE_SORT_PASS_PER_ITEM,FLOAT,DESC,1000,101928.36875039035,18609.488938097817,3837009.533333333,3494633,5491826,3838326.0,30,3835354.0,3883471.0,48117.0,3749794.0,3494633.0,3656272,3839726,3883355,3883471,3970812,3843820,3843132,3835354,3835645,3834382,3960354,3927132,3928996,3836067,3978092,3838390,3835996,3834373,3838326,3835534,3835760,3835594,3834166,3949376,3835742,3926062,3842500,3700528,3616696,3494633
BUBBLE_SORT_PASS_PER_ITEM,SHORT,ASC,100,1355.6875729885392,247.51355488508474,106465.26666666666,104930,422442,106224.0,30,105820.0,106737.0,917.0,422442.0,105432.0,105956,109306,111781,105564,106385,105908,104940,107361,106302,106054,106408,106252,105273,107466,106292,105099,106737,107774,107436,105155,107468,106387,106183,106224,106009,106004,105897,105820,105085,105432
BUBBLE_SORT_PASS_PER_ITEM,SHORT,RANDOM,100,12359.1889501968,2256.4688601637936,147474.6,142898,287396,143886.0,30,143656.0,144463.0,807.0,151534.0,144540.0,144136,149077,190019,144204,144463,143534,144145,143489,144305,143550,143678,144212,143885,143787,143607,145905,143886,143805,143647,143494,143522,143656,143882,143699,143769,144538,144195,144751,196858,144540
BUBBLE_SORT_PASS_PER_ITEM,SHORT,DESC,100,471.1472770447333,86.01933051484545,49471.9,49270,212685,49339.0,30,49301.0,49406.0,105.0,171628.0,49292.0,49477,49289,49431,49339,49283,49417,49307,49301,49406,49326,49374,49318,49279,49509,49278,49350,49333,49321,49349,51267,49359,49364,49299,51175,49319,49289,49393,49306,49407,49292
BUBBLE_SORT_PASS_PER_ITEM,SHORT,ASC,1000,46122.132810422176,8420.710846839123,3352741.8666666667,3269268,4033074,3348366.0,30,3346922.0,3350149.0,3227.0,3436737.0,3384380.0,3350613,3347135,3348178,3348366,3350149,3473475,3348208,3348912,3360330,3346974,3348431,3349958,3346733,3347940,3348776,3346922,3346931,3348720,3346783,3346930,3348543,3346906,3392330,3305676,3269268,3269692,3500400,3271311,3393286,3384380
BUBBLE_SORT_PASS_PER_ITEM,SHORT,RANDOM,1000,128476.08135199935,23456.415952119623,4468041.033333333,4231024,5642150,4438961.0,30,4388261.0,4483683.0,95422.0,4621991.0,4342640.0,4955034,4444730,4790129,4442077,4429693,4433788,4482213,4544567,4428668,4447629,4457305,4442929,4435809,4431689,4483891,4483683,4438961,4369598,4397586,4622168,4372432,4428701,4369473,4388261,4486653,4388098,4323075,4608906,4370845,4342640
BUBBLE_SORT_PASS_PER_ITEM,SHORT,DESC,1000,140982.28571499093,25739.726031579627,4594580.1,4462262,5937356,4531421.0,30,4464940.0,4677885.0,212945.0,5087280.0,4531421.0,4676404,4681264,4719100,4828426,4682867,4677885,4676800,4676767,4652404,4464308,4464940,4794098,4501001,4469384,4631515,4500223,4464381,4501647,4527210,4463739,4464138,5044807,4530437,4462836,4570264,4772171,4464747,4463914,4478305,4531421
BUBBLE_SORT_PASS_PER_ITEM,STRING,ASC,100,15.851253017418598,2.894029614120665,63053.933333333334,63030,666236,63051.0,30,63041.0,63066.0,25.0,666236.0,63058.0,63042,63038,63035,63073,63037,63049,63051,63066,63061,63065,63041,63089,63035,63091,63036,63066,63030,63071,63047,63068,63044,63065,63043,63050,63047,63070,63035,63055,63060,63058
BUBBLE_SORT_PASS_PER_ITEM,STRING,RANDOM,100,477.6344441329815,87.20371976435834,85763.73333333334,84899,100336,85707.0,30,85422.0,86086.0,664.0,100336.0,85548.0,85707,85640,86086,86454,86209,86342,85341,85250,86081,85848,86635,85568,85422,85990,84934,85765,86225,85649,85592,85830,85628,86099,85293,86940,85667,85173,84899,85183,85914,85548
BUBBLE_SORT_PASS_PER_ITEM,STRING,DESC,100,285.173117012573,52.06524966061549,74457.6,74219,194730,74390.0,30,74326.0,74491.0,165.0,85558.0,74308.0,74520,74510,74575,74724,74491,74453,74341,74353,74490,74255,74366,74390,74281,74340,74425,74370,74344,74290,74457,74292,74290,74353,74562,75882,74407,74321,74484,74326,74528,74308
BUBBLE_SORT_PASS_PER_ITEM,STRING,ASC,1000,760182.4367864197,138789.68948238902,1.1237962166666666E7,9188741,13113513,1.0882683E7,30,1.0782013E7,1.1257023E7,475010.0,1.0469433E7,1.0782811E7,11022049,10739365,10911065,10821735,10816313,10794779,10756178,10804620,10882683,10878555,10538937,11187701,10685018,11073086,10728685,10664960,10893643,11211336,11257023,12961065,12393514,12818225,12837507,13113513,11908920,11322242,10740659,10782013,10810665,10782811
BUBBLE_SORT_PASS_PER_ITEM,STRING,RANDOM,1000,392265.5572114509,71617.56473901498,1.15154553E7,10758602,15112314,1.1411967E7,30,1.1314718E7,1.178109E7,466372.0,1.2524068E7,1.133497E7,11781090,11684824,11926330,12047009,12193882,12049207,12195306,12239853,12134856,11484263,11615063,11534919,11305261,11314718,10866627,11232182,10944705,10758602,11072060,11338813,11411967,11274805,11397612,11364538,11361805,11427262,11360173,11338820,11472137,11334970
BUBBLE_SORT_PASS_PER_ITEM,STRING,DESC,1000,309223.62916791934,56456.252336293954,9578439.233333332,9086977,12535145,9543270.0,30,9313721.0,9787719.0,473998.0,9436020.0,9533884.0,9726867,9783077,9734956,9733009,9218126,9133457,9086977,9297329,9288229,9313721,9862256,10144930,10142863,9778181,9825347,9313773,9517690,10275552,9791966,9826063,9787719,9247580,9615061,9136335,9420086,9351833,9394347,9543270,9528693,9533884
BUBBLE_SORT_UNTIL_NO_CHANGE,INTEGER,ASC,100,132.82356300328976,24.250153875036812,3057.366666666667,2946,24722,3012.0,30,2976.0,3065.0,89.0,24722.0,2976.0,3002,2950,3408,3184,3013,3007,2988,2958,3039,3000,2958,2968,3474,3099,3113,2988,3053,3013,3008,2946,3019,2976,2986,3377,3117,3012,3052,3065,2972,2976
BUBBLE_SORT_UNTIL_NO_CHANGE,INTEGER,RANDOM,100,67598.3759229712,12341.718447908477,83578.1,25565,335843,44759.0,30,26699.0,139077.0,112378.0,335843.0,49277.0,140980,142554,162780,137059,137871,139077,138564,137395,198763,200146,155106,249414,33224,30007,29642,28281,27358,26699,26518,26128,26508,38500,44759,45429,32380,26015,25667,25565,25677,49277
BUBBLE_SORT_UNTIL_NO_CHANGE,INTEGER,DESC,100,554.0832358249274,101.16129566558911,43685.36666666667,42191,66139,43823.0,30,43767.0,43989.0,222.0,52218.0,42347.0,43823,43864,43863,43823,44034,43780,44079,43777,43872,44019,44019,43803,43915,43989,44310,44147,43705,43769,43868,43787,43762,43767,43793,43922,44068,43735,42318,42191,42412,42347
BUBBLE_SORT_UNTIL_NO_CHANGE,INTEGER,ASC,1000,89.62601308895884,16.363396369358675,2378.6666666666665,2260,8027,2370.0,30,2313.0,2424.0,111.0,8027.0,2411.0,2353,2370,2338,2385,2677,2333,2362,2282,2315,2264,2498,2488,2493,2286,2271,2313,2269,2420,2413,2460,2427,2260,2303,2342,2338,2454,2406,2424,2405,2411
BUBBLE_SORT_UNTIL_NO_CHANGE,INTEGER,RANDOM,1000,146629.97028646633,26770.84744406995,2671188.3,2503238,3088404,2663531.0,30,2543477.0,2762569.0,219092.0,2689515.0,2687133.0,2763435,2783461,2935935,2663531,2939424,2909227,3088404,2795029,2762569,2596507,2652507,2543976,2574357,2538935,2510504,2510686,2543477,2528238,2680991,2723111,2695877,2627442,2552508,2682625,2516282,2542479,2676643,2517883,2592473,2687133
BUBBLE_SORT_UNTIL_NO_CHANGE,INTEGER,DESC,1000,46987.46731356494,8578.698589225396,3126000.3,3021582,3585684,3147140.0,30,3097235.0,3152489.0,55254.0,3505128.0,3194164.0,3155817,3044806,3147429,3157915,3038955,3150285,3172940,3152917,3118892,3044061,3148396,3071120,3152489,3141068,3085714,3145508,3118220,3150571,3021582,3141546,3211817,3106520,3147140,3152331,3056719,3149739,3097235,3158475,3145638,3194164
BUBBLE_SORT_UNTIL_NO_CHANGE,FLOAT,ASC,100,1722.762748868482,314.53200626162504,3412.3333333333335,2861,39775,3082.0,30,2942.0,3123.0,181.0,39775.0,2929.0,3102,3295,3605,3110,3082,3114,3088,3092,3123,3323,3058,3277,12609,3107,2861,3001,2951,2942,2939,2932,2944,2986,3912,3411,2885,2884,2952,2909,2947,2929
BUBBLE_SORT_UNTIL_NO_CHANGE,FLOAT,RANDOM,100,19022.683190222026,3473.05089585298,173161.66666666666,127984,486166,171815.0,30,157640.0,183183.0,25543.0,486166.0,171890.0,181054,168801,166505,169205,175391,185105,185295,183183,195812,177916,178270,200360,171815,194668,160805,158956,157753,156885,157640,173430,160668,154133,152517,152025,222840,152547,153206,222192,153983,171890
BUBBLE_SORT_UNTIL_NO_CHANGE,FLOAT,DESC,100,602.2150308098704,109.94891894774487,38788.7,36642,113823,38782.0,30,38339.0,39099.0,760.0,113057.0,38301.0,38651,38523,39099,38290,37915,39415,39627,38991,38979,38713,39068,39616,39268,38404,38339,38642,38793,38782,37706,38405,38078,38226,38970,38871,40728,39356,39250,38344,38311,38301
BUBBLE_SORT_UNTIL_NO_CHANGE,FLOAT,ASC,1000,753.4515423480574,137.56080191036332,4703.8,3304,57626,4588.0,30,4165.0,5019.0,854.0,57626.0,5088.0,4073,4379,4176,5009,6649,6633,5212,4620,4473,4627,4242,3779,3935,3918,4511,4672,4227,4049,4695,4039,4022,4165,4475,5019,4588,5232,5078,6531,4998,5088
BUBBLE_SORT_UNTIL_NO_CHANGE,FLOAT,RANDOM,1000,252205.22770298048,46046.164111216414,3004671.433333333,2758337,3754762,2876071.0,30,2827871.0,3191323.0,363452.0,2930151.0,2824496.0,3652057,3511505,3584016,3374241,3314188,3268888,3217478,3191323,3097385,2871729,2827270,2842880,2915242,2870306,2896194,2830553,2825060,2826484,2826938,2830423,2954227,2828676,2827871,2893789,2876071,2878189,2834809,2823595,2824260,2824496
BUBBLE_SORT_UNTIL_NO_CHANGE,FLOAT,DESC,1000,74916.04595745086,13677.73609666318,3485253.3666666667,3238686,4489454,3473514.0,30,3470645.0,3514238.0,43593.0,3265279.0,3470286.0,3557253,3425637,3682334,3315744,3317681,3389312,3544529,3520364,3472706,3474570,3474308,3656408,3472454,3471544,3471114,3475087,3473188,3514238,3470936,3611480,3475991,3516829,3474002,3470674,3470476,3473514,3470645,3470513,3473784,3470286
BUBBLE_SORT_UNTIL_NO_CHANGE,SHORT,ASC,100,1618.5635552001725,295.5079233129642,3007.133333333333,1303,28539,3110.0,30,3052.0,3152.0,100.0,28539.0,1315.0,3123,3122,3606,3109,3168,3052,3073,3110,3114,3410,3078,3161,3624,3152,3081,3122,3100,3108,3130,3102,3438,3110,10634,1485,1360,1366,1341,1303,1317,1315
BUBBLE_SORT_UNTIL_NO_CHANGE,SHORT,RANDOM,100,968.7100615423241,176.8614507963162,141738.5,140431,216395,141812.0,30,140899.0,142146.0,1247.0,149626.0,144011.0,140959,141055,141119,140560,140899,142270,142146,141353,142114,140766,142253,140532,140731,142865,142464,141745,142001,141872,140800,144284,141211,141812,141863,141833,140764,140862,143651,141884,141476,144011
BUBBLE_SORT_UNTIL_NO_CHANGE,SHORT,DESC,100,272.9073591288199,49.82583890133936,50168.8,49991,189687,50102.0,30,50058.0,50190.0,132.0,189687.0,50085.0,50217,50050,50161,50304,50077,50190,50040,50058,50046,50144,50102,50004,50130,50342,50106,50107,50031,50201,49991,50121,50086,50102,50038,51561,50291,50065,50250,50070,50094,50085
BUBBLE_SORT_UNTIL_NO_CHANGE,SHORT,ASC,1000,64.8605684012508,11.841865468657284,3995.8,3914,8474,3976.0,30,3954.0,4031.0,77.0,8474.0,4042.0,3984,4145,3973,4061,4216,3977,3952,3973,3939,3990,3966,4031,3976,4026,3959,3962,3926,3928,3935,3954,3934,3975,3971,4004,3914,4061,4004,4056,4040,4042
BUBBLE_SORT_UNTIL_NO_CHANGE,SHORT,RANDOM,1000,130498.7459444598,23825.702293305483,4315723.7,4124721,6612152,4254984.0,30,4232613.0,4386554.0,153941.0,4157053.0,4228629.0,4507137,4226852,4465420,4282672,4261012,4238337,4241643,4226874,4801730,4241601,4386554,4387869,4509858,4243089,4336791,4328577,4528884,4239041,4233853,4238031,4221021,4228841,4276024,4254984,4271209,4219475,4232613,4225127,4387963,4228629
BUBBLE_SORT_UNTIL_NO_CHANGE,SHORT,DESC,1000,125017.33777877904,22824.938660226693,4642014.2,4454765,5288642,4621398.0,30,4530618.0,4774468.0,243850.0,4562680.0,4608238.0,4769632,4819315,4857010,4774913,4776386,4774785,4774916,4826265,4774468,4491938,4454765,4651100,4483310,4737092,4454875,4728723,4455165,4668209,4477883,4617251,4530618,4556290,4556178,4621398,4617514,4690832,4499120,4596683,4615554,4608238
BUBBLE_SORT_UNTIL_NO_CHANGE,STRING,ASC,100,9.967781431525605,1.81985957944257,925.9,906,18527,924.0,30,920.0,932.0,12.0,18527.0,932.0,925,919,946,920,932,906,921,914,938,935,922,909,921,922,924,932,927,915,937,923,946,919,920,927,924,932,946,918,925,932
BUBBLE_SORT_UNTIL_NO_CHANGE,STRING,RANDOM,100,498.0307007493503,90.92754971017473,86179.43333333333,85468,92702,86071.0,30,85879.0,86262.0,383.0,92702.0,85947.0,86096,85718,85737,86829,87887,86071,85879,86398,85934,85925,85629,86032,85976,86830,87174,85716,85468,85858,86481,86218,86262,86123,85971,86864,86011,86159,85857,86232,86101,85947
BUBBLE_SORT_UNTIL_NO_CHANGE,STRING,DESC,100,288.57380338485336,52.68612720631495,86980.6,86647,137678,86922.0,30,86808.0,87019.0,211.0,103811.0,86740.0,86993,87055,87061,87877,86942,87019,87074,86799,86973,86821,86813,86763,86717,87676,86751,86803,86776,86808,86835,86923,86875,86961,86922,87807,87035,86848,87010,86902,86839,86740
BUBBLE_SORT_UNTIL_NO_CHANGE,STRING,ASC,1000,227.88419329904292,41.60577105625114,13234.833333333334,12987,26805,13156.0,30,13094.0,13280.0,186.0,26805.0,13409.0,13258,13191,13156,13152,13879,13191,13280,13168,13143,13073,13286,13027,13094,13114,13092,13130,13023,13078,13096,13244,12987,13112,13797,13154,13084,13380,13871,13275,13301,13409
BUBBLE_SORT_UNTIL_NO_CHANGE,STRING,RANDOM,1000,621850.0633583674,113533.76902913152,1.2866520166666666E7,11310484,17116159,1.2854688E7,30,1.231866E7,1.3143332E7,824672.0,1.1416701E7,1.210798E7,12854688,13122960,13545458,13092467,13663258,13363708,14448570,14002639,13729982,13107954,13143332,13176894,12955617,13081997,12957353,12721482,12763445,12678286,12811814,12653649,12624461,12735577,12318660,12177244,12311022,12070831,12254875,11748135,11771267,12107980
BUBBLE_SORT_UNTIL_NO_CHANGE,STRING,DESC,1000,168177.72744522386,30704.911663901592,1.09835704E7,10034459,11462834,1.0990873E7,30,1.0947783E7,1.1022983E7,75200.0,1.076744E7,1.096394E7,10958745,11462834,11029558,10840874,11297633,10998145,10990873,11022983,10982559,10924088,10981848,11001618,11073774,11002822,10960263,11136827,10998481,11015426,10585379,10939562,11053691,10953362,10922960,11126619,10947783,10865465,10984313,10482370,11002317,10963940
BUBBLE_SORT_WHILE_NEEDED,INTEGER,ASC,100,405.4812353515539,74.03040641570243,3088.9666666666667,2858,24872,2955.0,30,2929.0,3007.0,78.0,24872.0,2955.0,2961,3024,3494,2963,3098,2903,2923,2948,2953,2940,2929,4573,4495,3015,2997,2959,2923,2938,2891,2871,2938,2902,2910,3320,3007,2995,2957,2938,2949,2955
BUBBLE_SORT_WHILE_NEEDED,INTEGER,RANDOM,100,26174.569749387585,4778.800761577308,119264.36666666667,94967,313345,104817.0,30,101370.0,138686.0,37316.0,313345.0,125896.0,103606,104229,104817,103761,107177,109569,104261,101370,108613,205262,99241,149693,99046,138686,102050,157265,101574,154956,100321,163729,102854,146234,97389,140115,98332,128350,96073,126504,96958,125896
BUBBLE_SORT_WHILE_NEEDED,INTEGER,DESC,100,93.37525844081445,17.04791178696958,25089.166666666668,24993,34172,25067.0,30,25033.0,25091.0,58.0,34172.0,25030.0,25058,25166,25401,25033,25250,25372,25128,25094,25091,25011,25017,25023,25030,25102,25037,25091,25083,25067,25071,25026,25057,25060,25055,25073,25052,25040,25083,24993,25081,25030
BUBBLE_SORT_WHILE_NEEDED,INTEGER,ASC,1000,96.10875783888446,17.546978214052825,2453.2,2358,8038,2430.0,30,2381.0,2471.0,90.0,8038.0,2449.0,2474,2471,2647,2460,2743,2396,2432,2364,2680,2381,2417,2409,2416,2430,2438,2448,2368,2358,2369,2383,2379,2372,2414,2381,2407,2597,2522,2459,2532,2449
BUBBLE_SORT_WHILE_NEEDED,INTEGER,RANDOM,1000,47258.14408342757,8628.117180107527,1740217.3,1703487,2319263,1719875.0,30,1710221.0,1748994.0,38773.0,1712020.0,1792569.0,1757931,1734376,1708621,1719615,1724938,1725804,1709128,1717594,1710267,1706005,1737064,1713487,1715579,1705874,1711143,1748994,1706897,1708603,1705204,1715180,1710221,1719875,1729085,1765973,1815300,1808308,1821003,1919663,1742218,1792569
BUBBLE_SORT_WHILE_NEEDED,INTEGER,DESC,1000,80051.67241931232,14615.368916690504,2128837.933333333,2083507,2555452,2088771.0,30,2084172.0,2140277.0,56105.0,2492622.0,2181111.0,2083582,2140124,2094250,2083955,2088039,2093142,2090426,2313048,2266277,2123230,2086424,2441718,2166098,2088771,2084172,2140277,2173700,2142803,2086170,2083572,2084521,2086155,2083595,2085175,2083551,2139620,2083695,2083507,2084430,2181111
BUBBLE_SORT_WHILE_NEEDED,FLOAT,ASC,100,224.287573341805,40.949121095800315,3478.866666666667,3221,43948,3386.0,30,3353.0,3483.0,130.0,43948.0,3367.0,3343,3302,4102,3394,3776,3256,3377,3349,3381,3360,3483,3353,4134,3300,3386,3639,3320,3352,3416,3359,3409,3442,3520,3940,3450,3687,3361,3375,3433,3367
BUBBLE_SORT_WHILE_NEEDED,FLOAT,RANDOM,100,27452.347801660486,5012.090049148936,111698.9,93578,309649,97957.0,30,97011.0,107732.0,10721.0,309649.0,93578.0,97724,97957,97669,98289,97011,97800,97798,97030,99274,98199,127273,97346,190915,99981,121516,97354,181897,94188,107732,94566,158073,96692,106879,94149,158429,93746,104919,95168,157815,93578
BUBBLE_SORT_WHILE_NEEDED,FLOAT,DESC,100,136.27113495609487,24.879591517427976,33582.333333333336,33521,40470,33546.0,30,33540.0,33552.0,12.0,40470.0,33545.0,33536,33564,33539,33617,33548,33545,33542,33549,33540,33553,33566,33539,33537,33587,33548,33551,33525,33541,33546,33539,33552,33541,33551,34246,33541,33544,33859,33548,33531,33545
BUBBLE_SORT_WHILE_NEEDED,FLOAT,ASC,1000,136.6968259405544,24.957311702332994,3197.6666666666665,3055,10300,3191.0,30,3096.0,3249.0,153.0,10300.0,3227.0,3203,3229,3219,3191,3685,3365,3197,3332,3127,3353,3081,3104,3120,3096,3096,3108,3055,3094,3099,3143,3086,3069,3271,3060,3097,3249,3465,3238,3271,3227
BUBBLE_SORT_WHILE_NEEDED,FLOAT,RANDOM,1000,180532.0637222836,32960.49455121827,2140588.8,1998058,2711127,2074750.0,30,2007050.0,2208964.0,201914.0,2155741.0,2006459.0,2104713,2006086,2044519,2003930,2007050,2004805,2004952,2061175,2007117,2006258,2009255,2005544,2093148,2187192,2711127,2342061,2627461,2147175,2208964,2074750,2376581,2051335,2355877,2075219,2228762,2048511,2264829,2008110,2144699,2006459
BUBBLE_SORT_WHILE_NEEDED,FLOAT,DESC,1000,244822.7951709404,44698.32250219697,2869127.2333333334,2684654,3480660,2727767.0,30,2688175.0,3080966.0,392791.0,2773102.0,2696487.0,2960849,3080966,2690359,2727767,2819150,2871375,2688493,2687071,2685548,2691746,2687390,2685737,2700001,2688680,2686679,2685577,2817613,3206162,3480660,3125100,3119642,3211593,3410526,3312702,2779823,2688175,2686255,2810313,2691378,2696487
BUBBLE_SORT_WHILE_NEEDED,SHORT,ASC,100,433.20599282814896,79.09223143946613,3483.9666666666667,3200,37547,3301.0,30,3288.0,3438.0,150.0,37547.0,3278.0,3579,3330,3903,4002,3293,3277,3278,3267,3294,3301,3305,3289,3310,3571,5427,3438,3309,3277,3300,3266,3276,3291,3294,4141,3904,3426,3308,3288,3297,3278
BUBBLE_SORT_WHILE_NEEDED,SHORT,RANDOM,100,4100.45570909164,748.6373626401107,112332.33333333333,107686,137463,111088.0,30,109840.0,113698.0,3858.0,137463.0,115726.0,108776,111026,110635,109840,111088,110598,111931,108502,111054,109700,109558,130623,114494,112466,110185,110904,112682,109005,112611,109326,111142,109158,111376,115321,110721,114651,116923,113698,116250,115726
BUBBLE_SORT_WHILE_NEEDED,SHORT,DESC,100,369.1488724078675,67.39705483179515,31223.9,31106,122239,31127.0,30,31119.0,31156.0,37.0,103986.0,31124.0,31132,31113,31124,31301,31156,31120,31144,31142,31163,31145,31140,31112,31106,31377,31127,31125,31119,31116,31125,31117,31115,31122,31119,33170,31217,31125,31426,31137,31158,31124
BUBBLE_SORT_WHILE_NEEDED,SHORT,ASC,1000,98.55960407568384,17.99443947034338,3850.733333333333,3721,7588,3834.0,30,3771.0,3909.0,138.0,7588.0,3839.0,3833,3846,3820,3966,4100,3771,3796,3773,3788,3745,3745,3909,3782,3924,3765,3876,3752,4035,3736,3894,3741,3912,3747,3968,3776,4056,3834,3906,3887,3839
BUBBLE_SORT_WHILE_NEEDED,SHORT,RANDOM,1000,214920.1005653574,39238.86238030835,2589851.9,2363076,3027573,2538597.0,30,2413809.0,2691253.0,277444.0,2492564.0,3022583.0,2828371,2691253,2679055,3027573,2636367,2867757,2616187,2566677,2439618,2407754,2879851,2951751,2690100,2383303,2387345,2538597,2430327,2605697,2378587,2413809,2406097,2458348,2457805,2365967,2419063,2368668,2416210,2416441,2944396,3022583
BUBBLE_SORT_WHILE_NEEDED,SHORT,DESC,1000,100312.17252227613,18314.413227600176,2950100.1666666665,2791625,3685835,2934137.0,30,2859626.0,3004068.0,144442.0,2827445.0,3004709.0,2856537,3044519,2860403,2861682,2861466,2859626,2962110,3207214,3111324,2964048,2860613,2948487,3161982,3119350,2858758,2858208,2859004,2859376,2886781,2890201,2933491,2857460,2857265,2934137,2993473,2992646,2993358,3040709,3004068,3004709
BUBBLE_SORT_WHILE_NEEDED,STRING,ASC,100,12.616083209758708,2.3033711204490084,930.6333333333333,908,13830,930.0,30,920.0,941.0,21.0,13830.0,924.0,918,918,913,944,945,932,928,936,930,920,918,917,908,945,911,956,933,929,941,941,946,935,923,954,923,943,940,925,923,924
BUBBLE_SORT_WHILE_NEEDED,STRING,RANDOM,100,20218.616669050334,3691.397477062944,58353.7,51672,202461,51933.0,30,51879.0,52166.0,287.0,118673.0,116609.0,51768,51933,51893,52170,52045,51793,51849,51904,51882,51672,51879,52093,51888,52542,51694,51937,52166,51746,52114,52030,52031,51931,51733,52429,51899,51930,53464,88230,141357,116609
BUBBLE_SORT_WHILE_NEEDED,STRING,DESC,100,17400.506061095526,3176.8832272224618,50784.46666666667,46408,138083,46527.0,30,46488.0,46603.0,115.0,52565.0,46426.0,46524,138083,81797,46879,46603,46548,46543,46488,46538,46527,46408,46502,46499,46965,46458,46570,46435,46501,46562,46519,46433,46604,46576,47003,46488,46442,46632,46458,46523,46426
BUBBLE_SORT_WHILE_NEEDED,STRING,ASC,1000,123.30778564226996,22.512818570760967,12577.7,12331,24647,12566.0,30,12502.0,12609.0,107.0,24647.0,12562.0,12598,12482,12625,12646,13147,12609,12597,12574,12501,12535,12512,12459,12610,12502,12527,12494,12452,12584,12566,12534,12547,12512,12609,12572,12478,12621,12724,12660,12492,12562
BUBBLE_SORT_WHILE_NEEDED,STRING,RANDOM,1000,418778.32664021535,76458.1120317042,7197470.433333334,6570728,8493633,7075712.0,30,6970172.0,7331482.0,361310.0,6917661.0,6991538.0,6570728,6648278,8493633,7849491,8097583,7111430,7014788,7391489,6641727,6841912,6911425,7153941,7925295,7478452,7051777,7069788,7029009,7075712,7424835,6953449,7226605,7133515,6983459,6970172,7261510,7331482,6964389,7041124,7285577,6991538
BUBBLE_SORT_WHILE_NEEDED,STRING,DESC,1000,2229715.6570097394,407088.52072222874,5905624.6,4701260,17243040,5169564.0,30,5024457.0,5961619.0,937162.0,4992037.0,5000014.0,6273096,6564417,6847563,6135261,5731181,5649558,6139494,5168034,5024457,4989934,4971761,8366328,5458606,17243040,5251417,5024105,5083814,5053932,5265866,5138744,5022583,5105327,4966372,5063654,5168439,5961619,5318571,5011987,5169564,5000014
